entry_point,prompt,test_cases,all_tests_passed,category
has_close_elements,"from typing import List


def has_close_elements(numbers: List[float], threshold: float) -> bool:
    """""" Check if in given list of numbers, are any two numbers closer to each other than
    given threshold.
    >>> has_close_elements([1.0, 2.0, 3.0], 0.5)
    False
    >>> has_close_elements([1.0, 2.8, 3.0, 4.0, 5.0, 2.0], 0.3)
    True
    """"""
","

METADATA = {
    'author': 'jt',
    'dataset': 'test'
}


def check(candidate):
    assert candidate([1.0, 2.0, 3.9, 4.0, 5.0, 2.2], 0.3) == True
    assert candidate([1.0, 2.0, 3.9, 4.0, 5.0, 2.2], 0.05) == False
    assert candidate([1.0, 2.0, 5.9, 4.0, 5.0], 0.95) == True
    assert candidate([1.0, 2.0, 5.9, 4.0, 5.0], 0.8) == False
    assert candidate([1.0, 2.0, 3.0, 4.0, 5.0, 2.0], 0.1) == True
    assert candidate([1.1, 2.2, 3.1, 4.1, 5.1], 1.0) == True
    assert candidate([1.1, 2.2, 3.1, 4.1, 5.1], 0.5) == False

",,ListArray
separate_paren_groups,"from typing import List


def separate_paren_groups(paren_string: str) -> List[str]:
    """""" Input to this function is a string containing multiple groups of nested parentheses. Your goal is to
    separate those group into separate strings and return the list of those.
    Separate groups are balanced (each open brace is properly closed) and not nested within each other
    Ignore any spaces in the input string.
    >>> separate_paren_groups('( ) (( )) (( )( ))')
    ['()', '(())', '(()())']
    """"""
","

METADATA = {
    'author': 'jt',
    'dataset': 'test'
}


def check(candidate):
    assert candidate('(()()) ((())) () ((())()())') == [
        '(()())', '((()))', '()', '((())()())'
    ]
    assert candidate('() (()) ((())) (((())))') == [
        '()', '(())', '((()))', '(((())))'
    ]
    assert candidate('(()(())((())))') == [
        '(()(())((())))'
    ]
    assert candidate('( ) (( )) (( )( ))') == ['()', '(())', '(()())']
",,DS