entry_point,prompt,test_cases,generated_code,all_tests_passed,category
fix_spaces,"
def fix_spaces(text):
    """"""
    Given a string text, replace all spaces in it with underscores, 
    and if a string has more than 2 consecutive spaces, 
    then replace all consecutive spaces with - 
    
    fix_spaces(""Example"")
    fix_spaces(""Example 1"")
    fix_spaces("" Example 2"")
    fix_spaces("" Example   3"")
    """"""
","def check(candidate):

    # Check some simple cases
    assert candidate(""Example"") == ""Example"", ""This prints if this assert fails 1 (good for debugging!)""
    assert candidate(""Mudasir Hanif "") == ""Mudasir_Hanif_"", ""This prints if this assert fails 2 (good for debugging!)""
    assert candidate(""Yellow Yellow  Dirty  Fellow"") == ""Yellow_Yellow__Dirty__Fellow"", ""This prints if this assert fails 3 (good for debugging!)""
    
    # Check some edge cases that are easy to work out by hand.
    assert candidate(""Exa   mple"") == ""Exa-mple"", ""This prints if this assert fails 4 (good for debugging!)""
    assert candidate(""   Exa 1 2 2 mple"") == ""-Exa_1_2_2_mple"", ""This prints if this assert fails 4 (good for debugging!)""

",,,String
file_name_check,"
def file_name_check(file_name):
    """"""Create a function which takes a string representing a file's name, and returns
    'Yes' if the the file's name is valid, and returns 'No' otherwise.
    A file's name is considered to be valid if and only if all the following conditions 
    are met:
    - There should not be more than three digits ('0'-'9') in the file's name.
    - The file's name contains exactly one dot '.'
    - The substring before the dot should not be empty, and it starts with a letter from 
    the latin alphapet ('a'-'z' and 'A'-'Z').
    - The substring after the dot should be one of these: ['txt', 'exe', 'dll']
    Examples:
    file_name_check(""example.txt"")
    file_name_check(""1example.dll"")
    """"""
","def check(candidate):

    # Check some simple cases
    assert candidate(""example.txt"") == 'Yes'
    assert candidate(""1example.dll"") == 'No'
    assert candidate('s1sdf3.asd') == 'No'
    assert candidate('K.dll') == 'Yes'
    assert candidate('MY16FILE3.exe') == 'Yes'
    assert candidate('His12FILE94.exe') == 'No'
    assert candidate('_Y.txt') == 'No'
    assert candidate('?aREYA.exe') == 'No'
    assert candidate('/this_is_valid.dll') == 'No'
    assert candidate('this_is_valid.wow') == 'No'
    assert candidate('this_is_valid.txt') == 'Yes'
    assert candidate('this_is_valid.txtexe') == 'No'
    assert candidate('#this2_i4s_5valid.ten') == 'No'
    assert candidate('@this1_is6_valid.exe') == 'No'
    assert candidate('this_is_12valid.6exe4.txt') == 'No'
    assert candidate('all.exe.txt') == 'No'
    assert candidate('I563_No.exe') == 'Yes'
    assert candidate('Is3youfault.txt') == 'Yes'
    assert candidate('no_one#knows.dll') == 'Yes'
    assert candidate('1I563_Yes3.exe') == 'No'
    assert candidate('I563_Yes3.txtt') == 'No'
    assert candidate('final..txt') == 'No'
    assert candidate('final132') == 'No'
    assert candidate('_f4indsartal132.') == 'No'
    
        

    # Check some edge cases that are easy to work out by hand.
    assert candidate('.txt') == 'No'
    assert candidate('s.') == 'No'

",,,String
sum_squares,"


def sum_squares(lst):
    """"""""
    This function will take a list of integers. For all entries in the list, the function shall square the integer entry if its index is a 
    multiple of 3 and will cube the integer entry if its index is a multiple of 4 and not a multiple of 3. The function will not 
    change the entries in the list whose indexes are not a multiple of 3 or 4. The function shall then return the sum of all entries. 
    
    Examples:
    For lst = [1,2,3]
    For lst = []
    For lst = [-1,-5,2,-1,-5]
    """"""
","def check(candidate):

    # Check some simple cases
    
    assert candidate([1,2,3]) == 6
    assert candidate([1,4,9]) == 14
    assert candidate([]) == 0
    assert candidate([1,1,1,1,1,1,1,1,1]) == 9
    assert candidate([-1,-1,-1,-1,-1,-1,-1,-1,-1]) == -3
    assert candidate([0]) == 0
    assert candidate([-1,-5,2,-1,-5]) == -126
    assert candidate([-56,-99,1,0,-2]) == 3030
    assert candidate([-1,0,0,0,0,0,0,0,-1]) == 0
    assert candidate([-16, -9, -2, 36, 36, 26, -20, 25, -40, 20, -4, 12, -26, 35, 37]) == -14196
    assert candidate([-1, -3, 17, -1, -15, 13, -1, 14, -14, -12, -5, 14, -14, 6, 13, 11, 16, 16, 4, 10]) == -1448
    
    
    # Don't remove this line:
",,,Math
words_in_sentence,"
def words_in_sentence(sentence):
    """"""
    You are given a string representing a sentence,
    the sentence contains some words separated by a space,
    and you have to return a string that contains the words from the original sentence,
    whose lengths are prime numbers,
    the order of the words in the new string should be the same as the original one.

    Example 1:
        Input: sentence = ""This is a test""

    Example 2:
        Input: sentence = ""lets go for swimming""

    Constraints:
        * 1 <= len(sentence) <= 100
        * sentence contains only letters
    """"""
","def check(candidate):

    # Check some simple cases
    assert candidate(""This is a test"") == ""is""
    assert candidate(""lets go for swimming"") == ""go for""
    assert candidate(""there is no place available here"") == ""there is no place""
    assert candidate(""Hi I am Hussein"") == ""Hi am Hussein""
    assert candidate(""go for it"") == ""go for it""

    # Check some edge cases that are easy to work out by hand.
    assert candidate(""here"") == """"
    assert candidate(""here is"") == ""is""

",,,String
simplify,"
def simplify(x, n):
    """"""Your task is to implement a function that will simplify the expression
    x * n. The function returns True if x * n evaluates to a whole number and False
    otherwise. Both x and n, are string representation of a fraction, and have the following format,
    <numerator>/<denominator> where both numerator and denominator are positive whole numbers.

    You can assume that x, and n are valid fractions, and do not have zero as denominator.

    simplify(""1/5"", ""5/1"")
    simplify(""1/6"", ""2/1"")
    simplify(""7/10"", ""10/2"")
    """"""
","def check(candidate):

    # Check some simple cases
    assert candidate(""1/5"", ""5/1"") == True, 'test1'
    assert candidate(""1/6"", ""2/1"") == False, 'test2'
    assert candidate(""5/1"", ""3/1"") == True, 'test3'
    assert candidate(""7/10"", ""10/2"") == False, 'test4'
    assert candidate(""2/10"", ""50/10"") == True, 'test5'
    assert candidate(""7/2"", ""4/2"") == True, 'test6'
    assert candidate(""11/6"", ""6/1"") == True, 'test7'
    assert candidate(""2/3"", ""5/2"") == False, 'test8'
    assert candidate(""5/2"", ""3/5"") == False, 'test9'
    assert candidate(""2/4"", ""8/4"") == True, 'test10'


    # Check some edge cases that are easy to work out by hand.
    assert candidate(""2/4"", ""4/2"") == True, 'test11'
    assert candidate(""1/5"", ""5/1"") == True, 'test12'
    assert candidate(""1/5"", ""1/5"") == False, 'test13'

",,,Math
order_by_points,"
def order_by_points(nums):
    """"""
    Write a function which sorts the given list of integers
    in ascending order according to the sum of their digits.
    Note: if there are several items with similar sum of their digits,
    order them based on their index in original list.

    For example:
    >>> order_by_points([1, 11, -1, -11, -12])
    >>> order_by_points([])
    """"""
","def check(candidate):

    # Check some simple cases
    assert candidate([1, 11, -1, -11, -12]) == [-1, -11, 1, -12, 11]
    assert candidate([1234,423,463,145,2,423,423,53,6,37,3457,3,56,0,46]) == [0, 2, 3, 6, 53, 423, 423, 423, 1234, 145, 37, 46, 56, 463, 3457]
    assert candidate([]) == []
    assert candidate([1, -11, -32, 43, 54, -98, 2, -3]) == [-3, -32, -98, -11, 1, 2, 43, 54]
    assert candidate([1,2,3,4,5,6,7,8,9,10,11]) == [1, 10, 2, 11, 3, 4, 5, 6, 7, 8, 9]
    assert candidate([0,6,6,-76,-21,23,4]) == [-76, -21, 0, 4, 23, 6, 6]

    # Check some edge cases that are easy to work out by hand.
    assert True, ""This prints if this assert fails 2 (also good for debugging!)""

",,,ListArray
specialFilter,"
def specialFilter(nums):
    """"""Write a function that takes an array of numbers as input and returns 
    the number of elements in the array that are greater than 10 and both 
    first and last digits of a number are odd (1, 3, 5, 7, 9).
    For example:
    specialFilter([15, -73, 14, -15])
    specialFilter([33, -2, -3, 45, 21, 109])
    """"""
","def check(candidate):

    # Check some simple cases
    assert candidate([5, -2, 1, -5]) == 0  
    assert candidate([15, -73, 14, -15]) == 1
    assert candidate([33, -2, -3, 45, 21, 109]) == 2
    assert candidate([43, -12, 93, 125, 121, 109]) == 4
    assert candidate([71, -2, -33, 75, 21, 19]) == 3


    # Check some edge cases that are easy to work out by hand.
    assert candidate([1]) == 0              
    assert candidate([]) == 0                   

",,,ListArray
bf,"
def bf(planet1, planet2):
    '''
    There are eight planets in our solar system: the closerst to the Sun 
    is Mercury, the next one is Venus, then Earth, Mars, Jupiter, Saturn, 
    Uranus, Neptune.
    Write a function that takes two planet names as strings planet1 and planet2. 
    The function should return a tuple containing all planets whose orbits are 
    located between the orbit of planet1 and the orbit of planet2, sorted by 
    the proximity to the sun. 
    The function should return an empty tuple if planet1 or planet2
    are not correct planet names. 
    Examples
    bf(""Jupiter"", ""Neptune"")
    bf(""Earth"", ""Mercury"")
    bf(""Mercury"", ""Uranus"")
    '''
","def check(candidate):

    # Check some simple cases
    assert candidate(""Jupiter"", ""Neptune"") == (""Saturn"", ""Uranus""), ""First test error: "" + str(len(candidate(""Jupiter"", ""Neptune"")))      
    assert candidate(""Earth"", ""Mercury"") == (""Venus"",), ""Second test error: "" + str(candidate(""Earth"", ""Mercury""))  
    assert candidate(""Mercury"", ""Uranus"") == (""Venus"", ""Earth"", ""Mars"", ""Jupiter"", ""Saturn""), ""Third test error: "" + str(candidate(""Mercury"", ""Uranus""))      
    assert candidate(""Neptune"", ""Venus"") == (""Earth"", ""Mars"", ""Jupiter"", ""Saturn"", ""Uranus""), ""Fourth test error: "" + str(candidate(""Neptune"", ""Venus""))  


    # Check some edge cases that are easy to work out by hand.
    assert candidate(""Earth"", ""Earth"") == ()
    assert candidate(""Mars"", ""Earth"") == ()
    assert candidate(""Jupiter"", ""Makemake"") == ()

",,,DS
sorted_list_sum,"
def sorted_list_sum(lst):
    """"""Write a function that accepts a list of strings as a parameter,
    deletes the strings that have odd lengths from it,
    and returns the resulted list with a sorted order,
    The list is always a list of strings and never an array of numbers,
    and it may contain duplicates.
    The order of the list should be ascending by length of each word, and you
    should return the list sorted by that rule.
    If two words have the same length, sort the list alphabetically.
    The function should return a list of strings in sorted order.
    You may assume that all words will have the same length.
    For example:
    assert list_sort([""aa"", ""a"", ""aaa""])
    assert list_sort([""ab"", ""a"", ""aaa"", ""cd""])
    """"""
","def check(candidate):

    # Check some simple cases
    assert candidate([""aa"", ""a"", ""aaa""]) == [""aa""]
    assert candidate([""school"", ""AI"", ""asdf"", ""b""]) == [""AI"", ""asdf"", ""school""]
    assert candidate([""d"", ""b"", ""c"", ""a""]) == []
    assert candidate([""d"", ""dcba"", ""abcd"", ""a""]) == [""abcd"", ""dcba""]

    # Check some edge cases that are easy to work out by hand.
    assert candidate([""AI"", ""ai"", ""au""]) == [""AI"", ""ai"", ""au""]
    assert candidate([""a"", ""b"", ""b"", ""c"", ""c"", ""a""]) == []
    assert candidate(['aaaa', 'bbbb', 'dd', 'cc']) == [""cc"", ""dd"", ""aaaa"", ""bbbb""]

",,,String
x_or_y,"
def x_or_y(n, x, y):
    """"""A simple program which should return the value of x if n is 
    a prime number and should return the value of y otherwise.

    Examples:
    for x_or_y(7, 34, 12)
    for x_or_y(15, 8, 5)
    
    """"""
","def check(candidate):

    # Check some simple cases
    assert candidate(7, 34, 12) == 34
    assert candidate(15, 8, 5) == 5
    assert candidate(3, 33, 5212) == 33
    assert candidate(1259, 3, 52) == 3
    assert candidate(7919, -1, 12) == -1
    assert candidate(3609, 1245, 583) == 583
    assert candidate(91, 56, 129) == 129
    assert candidate(6, 34, 1234) == 1234
    

    # Check some edge cases that are easy to work out by hand.
    assert candidate(1, 2, 0) == 0
    assert candidate(2, 2, 0) == 2

",,,Math
double_the_difference,"
def double_the_difference(lst):
    '''
    Given a list of numbers, return the sum of squares of the numbers
    in the list that are odd. Ignore numbers that are negative or not integers.
    
    double_the_difference([1, 3, 2, 0])
    double_the_difference([-1, -2, 0])
    double_the_difference([9, -2])
    double_the_difference([0])
   
    If the input list is empty, return 0.
    '''
","def check(candidate):

    # Check some simple cases
    assert candidate([]) == 0 , ""This prints if this assert fails 1 (good for debugging!)""
    assert candidate([5, 4]) == 25 , ""This prints if this assert fails 2 (good for debugging!)""
    assert candidate([0.1, 0.2, 0.3]) == 0 , ""This prints if this assert fails 3 (good for debugging!)""
    assert candidate([-10, -20, -30]) == 0 , ""This prints if this assert fails 4 (good for debugging!)""


    # Check some edge cases that are easy to work out by hand.
    assert candidate([-1, -2, 8]) == 0, ""This prints if this assert fails 5 (also good for debugging!)""
    assert candidate([0.2, 3, 5]) == 34, ""This prints if this assert fails 6 (also good for debugging!)""
    lst = list(range(-99, 100, 2))
    odd_sum = sum([i**2 for i in lst if i%2!=0 and i > 0])
    assert candidate(lst) == odd_sum , ""This prints if this assert fails 7 (good for debugging!)""

",,,Math
compare,"
def compare(game,guess):
    """"""I think we all remember that feeling when the result of some long-awaited
    event is finally known. The feelings and thoughts you have at that moment are
    definitely worth noting down and comparing.
    Your task is to determine if a person correctly guessed the results of a number of matches.
    You are given two arrays of scores and guesses of equal length, where each index shows a match. 
    Return an array of the same length denoting how far off each guess was. If they have guessed correctly,
    the value is 0, and if not, the value is the absolute difference between the guess and the score.
    
    
    example:

    compare([1,2,3,4,5,1],[1,2,3,4,2,-2])
    compare([0,5,0,0,0,4],[4,1,1,0,0,-2])
    """"""
","def check(candidate):

    # Check some simple cases
    assert candidate([1,2,3,4,5,1],[1,2,3,4,2,-2])==[0,0,0,0,3,3], ""This prints if this assert fails 1 (good for debugging!)""
    assert candidate([0,0,0,0,0,0],[0,0,0,0,0,0])==[0,0,0,0,0,0], ""This prints if this assert fails 1 (good for debugging!)""
    assert candidate([1,2,3],[-1,-2,-3])==[2,4,6], ""This prints if this assert fails 1 (good for debugging!)""
    assert candidate([1,2,3,5],[-1,2,3,4])==[2,0,0,1], ""This prints if this assert fails 1 (good for debugging!)""

    # Check some edge cases that are easy to work out by hand.
    assert True, ""This prints if this assert fails 2 (also good for debugging!)""

",,,Math
Strongest_Extension,"
def Strongest_Extension(class_name, extensions):
    """"""You will be given the name of a class (a string) and a list of extensions.
    The extensions are to be used to load additional classes to the class. The
    strength of the extension is as follows: Let CAP be the number of the uppercase
    letters in the extension's name, and let SM be the number of lowercase letters 
    in the extension's name, the strength is given by the fraction CAP - SM. 
    You should find the strongest extension and return a string in this 
    format: ClassName.StrongestExtensionName.
    If there are two or more extensions with the same strength, you should
    choose the one that comes first in the list.
    For example, if you are given ""Slices"" as the class and a list of the
    extensions: ['SErviNGSliCes', 'Cheese', 'StuFfed'] then you should
    return 'Slices.SErviNGSliCes' since 'SErviNGSliCes' is the strongest extension 
    (its strength is -1).
    Example:
    for Strongest_Extension('my_class', ['AA', 'Be', 'CC'])
    """"""
","def check(candidate):

    # Check some simple cases
    assert candidate('Watashi', ['tEN', 'niNE', 'eIGHt8OKe']) == 'Watashi.eIGHt8OKe'
    assert candidate('Boku123', ['nani', 'NazeDa', 'YEs.WeCaNe', '32145tggg']) == 'Boku123.YEs.WeCaNe'
    assert candidate('__YESIMHERE', ['t', 'eMptY', 'nothing', 'zeR00', 'NuLl__', '123NoooneB321']) == '__YESIMHERE.NuLl__'
    assert candidate('K', ['Ta', 'TAR', 't234An', 'cosSo']) == 'K.TAR'
    assert candidate('__HAHA', ['Tab', '123', '781345', '-_-']) == '__HAHA.123'
    assert candidate('YameRore', ['HhAas', 'okIWILL123', 'WorkOut', 'Fails', '-_-']) == 'YameRore.okIWILL123'
    assert candidate('finNNalLLly', ['Die', 'NowW', 'Wow', 'WoW']) == 'finNNalLLly.WoW'

    # Check some edge cases that are easy to work out by hand.
    assert candidate('_', ['Bb', '91245']) == '_.Bb'
    assert candidate('Sp', ['671235', 'Bb']) == 'Sp.671235'
    
",,,DS
cycpattern_check,"
def cycpattern_check(a , b):
    """"""You are given 2 words. You need to return True if the second word or any of its rotations is a substring in the first word
    cycpattern_check(""abcd"",""abd"")
    cycpattern_check(""hello"",""ell"")
    cycpattern_check(""whassup"",""psus"")
    cycpattern_check(""abab"",""baa"")
    cycpattern_check(""efef"",""eeff"")
    cycpattern_check(""himenss"",""simen"")

    """"""
","def check(candidate):

    # Check some simple cases
    #assert True, ""This prints if this assert fails 1 (good for debugging!)""

    # Check some edge cases that are easy to work out by hand.
    #assert True, ""This prints if this assert fails 2 (also good for debugging!)""
    assert  candidate(""xyzw"",""xyw"") == False , ""test #0""
    assert  candidate(""yello"",""ell"") == True , ""test #1""
    assert  candidate(""whattup"",""ptut"") == False , ""test #2""
    assert  candidate(""efef"",""fee"") == True , ""test #3""
    assert  candidate(""abab"",""aabb"") == False , ""test #4""
    assert  candidate(""winemtt"",""tinem"") == True , ""test #5""

",,,String
even_odd_count,"
def even_odd_count(num):
    """"""Given an integer. return a tuple that has the number of even and odd digits respectively.

     Example:
        even_odd_count(-12)
        even_odd_count(123)
    """"""
","def check(candidate):

    # Check some simple cases
    assert candidate(7) == (0, 1)
    assert candidate(-78) == (1, 1)
    assert candidate(3452) == (2, 2)
    assert candidate(346211) == (3, 3)
    assert candidate(-345821) == (3, 3)
    assert candidate(-2) == (1, 0)
    assert candidate(-45347) == (2, 3)
    assert candidate(0) == (1, 0)


    # Check some edge cases that are easy to work out by hand.
    assert True

",,,Math
int_to_mini_roman,"
def int_to_mini_roman(number):
    """"""
    Given a positive integer, obtain its roman numeral equivalent as a string,
    and return it in lowercase.
    Restrictions: 1 <= num <= 1000

    Examples:
    >>> int_to_mini_roman(19)
    >>> int_to_mini_roman(152)
    >>> int_to_mini_roman(426)
    """"""
","def check(candidate):

    # Check some simple cases
    assert candidate(19) == 'xix'
    assert candidate(152) == 'clii'
    assert candidate(251) == 'ccli'
    assert candidate(426) == 'cdxxvi'
    assert candidate(500) == 'd'
    assert candidate(1) == 'i'
    assert candidate(4) == 'iv'
    assert candidate(43) == 'xliii'
    assert candidate(90) == 'xc'
    assert candidate(94) == 'xciv'
    assert candidate(532) == 'dxxxii'
    assert candidate(900) == 'cm'
    assert candidate(994) == 'cmxciv'
    assert candidate(1000) == 'm'

    # Check some edge cases that are easy to work out by hand.
    assert True

",,,Math
right_angle_triangle,"
def right_angle_triangle(a, b, c):
    '''
    Given the lengths of the three sides of a triangle. Return True if the three
    sides form a right-angled triangle, False otherwise.
    A right-angled triangle is a triangle in which one angle is right angle or 
    90 degree.
    Example:
    right_angle_triangle(3, 4, 5)
    right_angle_triangle(1, 2, 3)
    '''
","def check(candidate):

    # Check some simple cases
    assert candidate(3, 4, 5) == True, ""This prints if this assert fails 1 (good for debugging!)""
    assert candidate(1, 2, 3) == False
    assert candidate(10, 6, 8) == True
    assert candidate(2, 2, 2) == False
    assert candidate(7, 24, 25) == True
    assert candidate(10, 5, 7) == False
    assert candidate(5, 12, 13) == True
    assert candidate(15, 8, 17) == True
    assert candidate(48, 55, 73) == True

    # Check some edge cases that are easy to work out by hand.
    assert candidate(1, 1, 1) == False, ""This prints if this assert fails 2 (also good for debugging!)""
    assert candidate(2, 2, 10) == False

",,,Math
find_max,"
def find_max(words):
    """"""Write a function that accepts a list of strings.
    The list contains different words. Return the word with maximum number
    of unique characters. If multiple strings have maximum number of unique
    characters, return the one which comes first in lexicographical order.

    find_max([""name"", ""of"", ""string""])
    find_max([""name"", ""enam"", ""game""])
    find_max([""aaaaaaa"", ""bb"" ,""cc""])
    """"""
","def check(candidate):

    # Check some simple cases
    assert (candidate([""name"", ""of"", ""string""]) == ""string""), ""t1""
    assert (candidate([""name"", ""enam"", ""game""]) == ""enam""), 't2'
    assert (candidate([""aaaaaaa"", ""bb"", ""cc""]) == ""aaaaaaa""), 't3'
    assert (candidate([""abc"", ""cba""]) == ""abc""), 't4'
    assert (candidate([""play"", ""this"", ""game"", ""of"",""footbott""]) == ""footbott""), 't5'
    assert (candidate([""we"", ""are"", ""gonna"", ""rock""]) == ""gonna""), 't6'
    assert (candidate([""we"", ""are"", ""a"", ""mad"", ""nation""]) == ""nation""), 't7'
    assert (candidate([""this"", ""is"", ""a"", ""prrk""]) == ""this""), 't8'

    # Check some edge cases that are easy to work out by hand.
    assert (candidate([""b""]) == ""b""), 't9'
    assert (candidate([""play"", ""play"", ""play""]) == ""play""), 't10'

",,,String
eat,"
def eat(number, need, remaining):
    """"""
    You're a hungry rabbit, and you already have eaten a certain number of carrots,
    but now you need to eat more carrots to complete the day's meals.
    you should return an array of [ total number of eaten carrots after your meals,
                                    the number of carrots left after your meals ]
    if there are not enough remaining carrots, you will eat all remaining carrots, but will still be hungry.
    
    Example:
    * eat(5, 6, 10)
    * eat(4, 8, 9)
    * eat(1, 10, 10)
    * eat(2, 11, 5)
    
    Variables:
    @number : integer
        the number of carrots that you have eaten.
    @need : integer
        the number of carrots that you need to eat.
    @remaining : integer
        the number of remaining carrots thet exist in stock
    
    Constrain:
    * 0 <= number <= 1000
    * 0 <= need <= 1000
    * 0 <= remaining <= 1000

    Have fun :)
    """"""
","def check(candidate):

    # Check some simple cases
    assert True, ""This prints if this assert fails 1 (good for debugging!)""
    assert candidate(5, 6, 10) == [11, 4], ""Error""
    assert candidate(4, 8, 9) == [12, 1], ""Error""
    assert candidate(1, 10, 10) == [11, 0], ""Error""
    assert candidate(2, 11, 5) == [7, 0], ""Error""

    # Check some edge cases that are easy to work out by hand.
    assert True, ""This prints if this assert fails 2 (also good for debugging!)""
    assert candidate(4, 5, 7) == [9, 2], ""Error""
    assert candidate(4, 5, 1) == [5, 0], ""Error""

",,,Math
do_algebra,"
def do_algebra(operator, operand):
    """"""
    Given two lists operator, and operand. The first list has basic algebra operations, and 
    the second list is a list of integers. Use the two given lists to build the algebric 
    expression and return the evaluation of this expression.

    The basic algebra operations:
    Addition ( + ) 
    Subtraction ( - ) 
    Multiplication ( * ) 
    Floor division ( // ) 
    Exponentiation ( ** ) 

    Example:
    operator['+', '*', '-']
    array = [2, 3, 4, 5]

    Note:
        The length of operator list is equal to the length of operand list minus one.
        Operand is a list of of non-negative integers.
        Operator list has at least one operator, and operand list has at least two operands.

    """"""
","def check(candidate):

    # Check some simple cases
    assert candidate(['**', '*', '+'], [2, 3, 4, 5]) == 37
    assert candidate(['+', '*', '-'], [2, 3, 4, 5]) == 9
    assert candidate(['//', '*'], [7, 3, 4]) == 8, ""This prints if this assert fails 1 (good for debugging!)""

    # Check some edge cases that are easy to work out by hand.
    assert True, ""This prints if this assert fails 2 (also good for debugging!)""

",,,Math
solve,"
def solve(s):
    """"""You are given a string s.
    if s[i] is a letter, reverse its case from lower to upper or vise versa, 
    otherwise keep it as it is.
    If the string contains no letters, reverse the string.
    The function should return the resulted string.
    Examples
    solve(""1234"")
    solve(""ab"")
    solve(""#a@C"")
    """"""
","def check(candidate):

    # Check some simple cases
    assert candidate(""AsDf"") == ""aSdF""
    assert candidate(""1234"") == ""4321""
    assert candidate(""ab"") == ""AB""
    assert candidate(""#a@C"") == ""#A@c""
    assert candidate(""#AsdfW^45"") == ""#aSDFw^45""
    assert candidate(""#6@2"") == ""2@6#""

    # Check some edge cases that are easy to work out by hand.
    assert candidate(""#$a^D"") == ""#$A^d""
    assert candidate(""#ccc"") == ""#CCC""

    # Don't remove this line:
",,,String
string_to_md5,"
def string_to_md5(text):
    """"""
    Given a string 'text', return its md5 hash equivalent string.
    If 'text' is an empty string, return None.

    >>> string_to_md5('Hello world')
    """"""
","def check(candidate):

    # Check some simple cases
    assert candidate('Hello world') == '3e25960a79dbc69b674cd4ec67a72c62'
    assert candidate('') == None
    assert candidate('A B C') == '0ef78513b0cb8cef12743f5aeb35f888'
    assert candidate('password') == '5f4dcc3b5aa765d61d8327deb882cf99'

    # Check some edge cases that are easy to work out by hand.
    assert True

",,,String
generate_integers,"
def generate_integers(a, b):
    """"""
    Given two positive integers a and b, return the even digits between a
    and b, in ascending order.

    For example:
    generate_integers(2, 8)
    generate_integers(8, 2)
    generate_integers(10, 14)
    """"""
","def check(candidate):

    # Check some simple cases
    assert candidate(2, 10) == [2, 4, 6, 8], ""Test 1""
    assert candidate(10, 2) == [2, 4, 6, 8], ""Test 2""
    assert candidate(132, 2) == [2, 4, 6, 8], ""Test 3""
    assert candidate(17,89) == [], ""Test 4""

    # Check some edge cases that are easy to work out by hand.
    assert True, ""This prints if this assert fails 2 (also good for debugging!)""

",,,ListArray